{
    "session_id": "20251122060150_1_bgm5",
    "user_id": 1,
    "usage_index": 1,
    "selected_task": "study",
    "final_label": "study",
    "predicted": "study",
    "activity_distribution": {
        "percent": {
            "other": 66.66666666666666,
            "study": 33.33333333333333
        },
        "ratio": {
            "other": 0.6666666666666665,
            "study": 0.33333333333333326
        }
    },
    "window": {
        "window_titles": [
            "",
            "analyzer.py - monitor-sketcher - Visual Studio Code",
            "● analyzer.py - monitor-sketcher - Visual Studio Code",
            "작업 전환",
            "(2025) 일주일만에 합격하는 정보처리기사 실기 | 학습 페이지 - Chrome",
            ""
        ],
        "window_labels": [
            "other",
            "study",
            "study",
            "other",
            "other",
            "other"
        ],
        "distribution": {
            "percent": {
                "other": 66.66666666666666,
                "study": 33.33333333333333
            },
            "ratio": {
                "other": 0.6666666666666665,
                "study": 0.33333333333333326
            }
        }
    },
    "screen": {
        "screen_probs": {
            "game": 8.257588342530653e-05,
            "other": 1.8597203776948845e-08,
            "sns": 2.1238238598342285e-11,
            "study": 0.9999173879623413,
            "webtoon": 5.908701306012176e-11,
            "youtube-ent": 2.1140909856054435e-10,
            "youtube-music": 9.989260807419242e-11
        },
        "screen_top": "study",
        "capture_count": 8,
        "num_captures": 8,
        "total_captures": 8
    },
    "input": {
        "key_count": 205,
        "mouse_count": 79
    },
    "engagement": {
        "idle_percent": 0.0,
        "idle_ratio": 0.0,
        "idle_time_sec": 0,
        "input_per_min": 132.86728210781342,
        "session_duration_sec": 128.248277,
        "total_input": 284
    },
    "process": {
        "process_count": 0
    },
    "focus_ratio": 0.33333333333333326,
    "focus_percent": 33.33333333333333,
    "inputPerMin": 132.86728210781342
}