{
    "session_id": "20251122111903_1_43qz",
    "user_id": 1,
    "usage_index": 1,
    "selected_task": "study",
    "final_label": "study",
    "predicted": "study",
    "activity_distribution": {
        "percent": {
            "study": 57.14285714285714,
            "webtoon": 42.857142857142854
        },
        "ratio": {
            "study": 0.5714285714285714,
            "webtoon": 0.42857142857142855
        }
    },
    "window": {
        "window_titles": [
            "server.py - monitor-sketcher - Visual Studio Code",
            "● server.py - monitor-sketcher - Visual Studio Code",
            "경경수의 개발만화 - 1화.체크셔츠 : 네이버 웹툰 - Chrome",
            "경경수의 개발만화 - 2화.해커톤 예능 : 네이버 웹툰 - Chrome",
            "경경수의 개발만화 - 3화.버그가 아니고 기능 : 네이버 웹툰 - Chrome",
            "(2025) 일주일만에 합격하는 정보처리기사 실기 | 학습 페이지 - Chrome",
            "(2025) 일주일만에 합격하는 정보처리기사 실기 | 학습 페이지 - Chrome"
        ],
        "window_labels": [
            "study",
            "study",
            "webtoon",
            "webtoon",
            "webtoon",
            "study",
            "study"
        ],
        "distribution": {
            "percent": {
                "study": 57.14285714285714,
                "webtoon": 42.857142857142854
            },
            "ratio": {
                "study": 0.5714285714285714,
                "webtoon": 0.42857142857142855
            }
        }
    },
    "screen": {
        "screen_probs": {
            "game": 0.009086446836590767,
            "other": 3.3164020862841426e-08,
            "sns": 3.8129905049338886e-13,
            "study": 0.9909135699272156,
            "webtoon": 1.2680450023339063e-09,
            "youtube-ent": 5.1021049906653515e-14,
            "youtube-music": 2.1543000605530986e-14
        },
        "screen_top": "study",
        "capture_count": 8,
        "num_captures": 8,
        "total_captures": 8
    },
    "input": {
        "key_count": 311,
        "mouse_count": 380
    },
    "engagement": {
        "idle_percent": 0.0,
        "idle_ratio": 0.0,
        "idle_time_sec": 0,
        "input_per_min": 233.09221931594067,
        "session_duration_sec": 177.869515,
        "total_input": 691
    },
    "process": {
        "process_count": 0
    },
    "focus_ratio": 0.5714285714285714,
    "focus_percent": 57.14285714285714,
    "inputPerMin": 233.09221931594067
}